side	ref	oid	type	reason
tracking	refs/remotes/origin/dependabot/npm_and_yarn/test/example/priv/playwright/otplib-13.5.0	204ce7f59ad2b1a2f709261f69bc35235bdc813c	commit	At fresh Plan 39 capture, exact live origin branch refs/heads/dependabot/npm_and_yarn/test/example/priv/playwright/otplib-13.5.0 is absent; its exact local tracking identity is eligible for deletion.
tracking	refs/remotes/origin/dependabot/npm_and_yarn/test/example/priv/playwright/playwright/test-1.62.1	9f5150bd3a000dc122e8c185bf06c102ac720667	commit	At fresh Plan 39 capture, exact live origin branch refs/heads/dependabot/npm_and_yarn/test/example/priv/playwright/playwright/test-1.62.1 is absent; its exact local tracking identity is eligible for deletion.
tracking	refs/remotes/origin/dependabot/npm_and_yarn/test/example/priv/playwright/zod-4.5.4	c06cc1475ca91519765b3792958bcadd9f131601	commit	At fresh Plan 39 capture, exact live origin branch refs/heads/dependabot/npm_and_yarn/test/example/priv/playwright/zod-4.5.4 is absent; its exact local tracking identity is eligible for deletion.
tracking	refs/remotes/origin/gsd/phase-236-flake-root-cause	337538c48b79c358f19a9e1c514a7a373379d353	commit	At fresh Plan 39 capture, exact live origin branch refs/heads/gsd/phase-236-flake-root-cause is absent; its exact local tracking identity is eligible for deletion.
tracking	refs/remotes/origin/gsd/phase-239-priv-templates-sweep	5abd3ede7fc11f96a66739e53283f9d5aec3c6ec	commit	At fresh Plan 39 capture, exact live origin branch refs/heads/gsd/phase-239-priv-templates-sweep is absent; its exact local tracking identity is eligible for deletion.
tracking	refs/remotes/origin/gsd/phase-240-closeout	9b4bb4a7f64585e69b2fa55a1266acfb8c9fad4b	commit	At fresh Plan 39 capture, exact live origin branch refs/heads/gsd/phase-240-closeout is absent; its exact local tracking identity is eligible for deletion.
tracking	refs/remotes/origin/gsd/phase-240-green-main-evidence	4429657a725ef5601fe2e0b25cebcd54c314540e	commit	At fresh Plan 39 capture, exact live origin branch refs/heads/gsd/phase-240-green-main-evidence is absent; its exact local tracking identity is eligible for deletion.
tracking	refs/remotes/origin/gsd/phase-241-context	e6b63ca1698e23adb99c84f088fc9ad469122496	commit	At fresh Plan 39 capture, exact live origin branch refs/heads/gsd/phase-241-context is absent; its exact local tracking identity is eligible for deletion.
tracking	refs/remotes/origin/gsd/phase-241-plans	a38651a37875a340462c647d5f9b1beed30893dd	commit	At fresh Plan 39 capture, exact live origin branch refs/heads/gsd/phase-241-plans is absent; its exact local tracking identity is eligible for deletion.
tracking	refs/remotes/origin/gsd/phase-241-research	62906d14da1cd4c72e5080c1fa686ba4d6948ca8	commit	At fresh Plan 39 capture, exact live origin branch refs/heads/gsd/phase-241-research is absent; its exact local tracking identity is eligible for deletion.
tracking	refs/remotes/origin/gsd/quick-260918-lfq-bookkeeping	daa8b41f3d458c66ecacb7a0276ab8b65ffc38d6	commit	At fresh Plan 39 capture, exact live origin branch refs/heads/gsd/quick-260918-lfq-bookkeeping is absent; its exact local tracking identity is eligible for deletion.
tracking	refs/remotes/origin/gsd/quick-green-04-collector-guards	cea7098347086166ec3ec6e1a8e0db0403d5b9c0	commit	At fresh Plan 39 capture, exact live origin branch refs/heads/gsd/quick-green-04-collector-guards is absent; its exact local tracking identity is eligible for deletion.
tracking	refs/remotes/origin/gsd/state-reconcile-241	21c6c25a996ec3497cf89b656bcd0759e5176039	commit	At fresh Plan 39 capture, exact live origin branch refs/heads/gsd/state-reconcile-241 is absent; its exact local tracking identity is eligible for deletion.
tracking	refs/remotes/origin/v1.37-auth-branding-admin-polish	b9cbb7a7b442f0d04b985c01c30a4a4db24a1d1f	commit	At fresh Plan 39 capture, exact live origin branch refs/heads/v1.37-auth-branding-admin-polish is absent; its exact local tracking identity is eligible for deletion.
